odor,reward,mbon_output,veto_value,gating_factor,rpe,dopamine,weight_change_magnitude,replicate,seed
DA1,1.0,0.04259706456800439,0.0,1.0,0.6860684812123831,0.6860684812123831,0.0121456806092653,1,42
DL3,1.0,0.00012083679930650008,0.0,1.0,0.7174615122543455,0.7174615122543455,9.160650532984643e-05,1,42
DA1,1.0,0.05345267982075609,0.0,1.0,0.7456619083490903,0.7456619083490903,0.01656484457539946,1,42
DL3,1.0,0.00017157335957712746,0.0,1.0,0.7710955459408217,0.7710955459408217,0.00010270344888685748,1,42
DA1,1.0,0.06825804878683683,0.0,1.0,0.7939177332979527,0.7939177332979527,0.02252196816271921,1,42
DL3,1.0,0.0002410998087298558,0.0,1.0,0.8145257188683487,0.8145257188683487,0.00011425247339525166,1,42
DA1,1.0,0.08838776210901404,0.0,1.0,0.8329847592194048,0.8329847592194048,0.030598986222040412,1,42
DL3,1.0,0.0003361875223568622,0.0,1.0,0.849685947109942,0.849685947109942,0.0001271241210820817,1,42
DA1,1.0,0.11573653014494471,0.0,1.0,0.8646016158688029,0.8646016158688029,0.04158771555914017,1,42
DL3,1.0,0.000466129873546179,0.0,1.0,0.8781409881520491,0.8781409881520491,0.00014256669850994563,1,42
DA1,1.0,0.1529067704078828,0.0,1.0,0.8901739825664363,0.8901739825664363,0.05656929387810933,1,42
DL3,1.0,0.0006436656453150039,0.0,1.0,0.9011559406441474,0.9011559406441474,0.00016240562522925947,1,42
DA1,1.0,0.20346719565394222,0.0,1.0,0.9108368793840788,0.9108368793840788,0.0770219685640501,1,42
DL3,1.0,0.0008862461581250064,0.0,1.0,0.9197523051995128,0.9197523051995128,0.00018926804973966964,1,42
DA1,1.0,0.27230774102253363,0.0,1.0,0.927504766938539,0.927504766938539,0.10496780390275913,1,42
DL3,1.0,0.001217770346291889,0.0,1.0,0.9347530724743389,0.9347530724743389,0.00022680637965045606,1,42
DA1,1.0,0.3661256145979004,0.0,1.0,0.9409116396123072,0.9409116396123072,0.14317236985347837,1,42
DL3,1.0,0.00167095692627918,0.0,1.0,0.9468188046941501,0.9468188046941501,0.0002799206606143158,1,42
DA1,1.0,0.49408982503736676,0.0,1.0,0.9516428343996979,0.9516428343996979,0.1954161141134454,1,42
DL3,1.0,0.002290582563310478,0.0,1.0,0.9564762603771648,0.9564762603771648,0.00035504541050066673,1,42
DA1,1.0,0.6687482550786925,0.0,1.0,0.9601598860843696,0.9601598860843696,0.26686208325794264,1,42
DL3,1.0,0.0031378938374914465,0.0,1.0,0.9641407595820952,0.9641407595820952,0.00046061450198188556,1,42
DA1,1.0,0.9072633954249067,0.0,1.0,0.9668194202284608,0.9668194202284608,0.36455204498981303,1,42
DL3,1.0,0.004296603465620748,0.0,1.0,0.9701331816021491,0.9701331816021491,0.0006077995374512166,1,42
DA1,1.0,1.2330915008417678,0.0,1.0,0.9718867719410925,0.9718867719410925,0.4980716941172161,1,42
DL3,1.0,0.005881011791549413,0.0,1.0,0.9746922137351917,0.9746922137351917,0.0008115706054740056,1,42
DA1,1.0,1.6782562914441181,0.0,1.0,0.9755447360702285,0.9755447360702285,0.6804346745693809,1,42
DL3,1.0,0.008046954672065803,0.0,1.0,0.9779822155085336,0.9779822155085336,0.001092114423017897,1,42
DA1,1.0,2.2864127716744953,0.0,1.0,0.9778975811860058,0.9778975811860058,0.929242429453781,1,42
DL3,1.0,0.011006463495917546,0.0,1.0,0.9800968166039092,0.9800968166039092,0.001476664585370195,1,42
DA1,1.0,3.1169476953991238,0.0,1.0,0.9789701872481192,0.9789701872481192,1.2681775136164215,1,42
DL3,1.0,0.015047212006676221,0.0,1.0,0.9810581213113007,0.9810581213113007,0.0020018144705580914,1,42
DA1,1.0,4.250414717767254,0.0,1.0,0.9787018944624034,0.9787018944624034,1.7288719869293,1,42
DL3,1.0,0.02055796667681942,0.0,1.0,0.9808111470494862,0.9808111470494862,0.0027163618530222484,1,42
DA1,1.0,5.7956394717004835,0.0,1.0,0.9769343928728371,0.9769343928728371,2.353140662635111,1,42
DL3,1.0,0.028061241627465327,0.0,1.0,0.979212892343926,0.979212892343926,0.003684643702965829,1,42
DA1,1.0,7.898820667146882,0.0,1.0,0.9733927824423865,0.9733927824423865,3.195446297407772,1,42
DL3,1.0,0.03825396511820931,0.0,1.0,0.9760152502330297,0.9760152502330297,0.004990107448216332,1,42
DA1,1.0,10.754834516001864,0.0,1.0,0.9676588906937249,0.9676588906937249,4.325209878783316,1,42
DL3,1.0,0.05205578275910935,0.0,1.0,0.9708409458415934,0.9708409458415934,0.006738438417319718,1,42
DA1,1.0,14.620604032618832,0.0,1.0,0.9591362472248153,0.9591362472248153,5.828097296809224,1,42
DL3,1.0,0.07066193883924725,0.0,1.0,0.9631519605634945,0.9631519605634945,0.009058776782380566,1,42
DA1,1.0,19.829618323688262,0.0,1.0,0.9470071461834568,0.9470071461834568,7.804566656194145,1,42
DL3,1.0,0.09559234260177742,0.0,1.0,0.9522108392225095,0.9522108392225095,0.012100219942003991,1,42
DA1,1.0,26.805153489234037,0.0,1.0,0.9301846018110245,0.9301846018110245,10.362597594293366,1,42
DL3,1.0,0.12871880569164676,0.0,1.0,0.9370374228242304,0.9370374228242304,0.016018753380210773,1,42
DA1,1.0,36.066995145637414,0.0,1.0,0.90726668539617,0.90726668539617,13.599599527783782,1,42
DL3,1.0,0.17223671735387772,0.0,1.0,0.9163677801391991,0.9163677801391991,0.02094708840837636,1,42
DA1,1.0,48.2219909529405,0.0,1.0,0.8765090111723387,0.8765090111723387,17.56639809671805,1,42
DL3,1.0,0.22852493462919624,0.0,1.0,0.8886295851204757,0.8886295851204757,0.026937572492415206,1,42
DA1,1.0,0.04259706456800439,0.0,1.0,0.6860684812123831,0.6860684812123831,0.0121456806092653,2,142
DL3,1.0,0.00012083679930650008,0.0,1.0,0.7174615122543455,0.7174615122543455,9.160650532984643e-05,2,142
DA1,1.0,0.05345267982075609,0.0,1.0,0.7456619083490903,0.7456619083490903,0.01656484457539946,2,142
DL3,1.0,0.00017157335957712746,0.0,1.0,0.7710955459408217,0.7710955459408217,0.00010270344888685748,2,142
DA1,1.0,0.06825804878683683,0.0,1.0,0.7939177332979527,0.7939177332979527,0.02252196816271921,2,142
DL3,1.0,0.0002410998087298558,0.0,1.0,0.8145257188683487,0.8145257188683487,0.00011425247339525166,2,142
DA1,1.0,0.08838776210901404,0.0,1.0,0.8329847592194048,0.8329847592194048,0.030598986222040412,2,142
DL3,1.0,0.0003361875223568622,0.0,1.0,0.849685947109942,0.849685947109942,0.0001271241210820817,2,142
DA1,1.0,0.11573653014494471,0.0,1.0,0.8646016158688029,0.8646016158688029,0.04158771555914017,2,142
DL3,1.0,0.000466129873546179,0.0,1.0,0.8781409881520491,0.8781409881520491,0.00014256669850994563,2,142
DA1,1.0,0.1529067704078828,0.0,1.0,0.8901739825664363,0.8901739825664363,0.05656929387810933,2,142
DL3,1.0,0.0006436656453150039,0.0,1.0,0.9011559406441474,0.9011559406441474,0.00016240562522925947,2,142
DA1,1.0,0.20346719565394222,0.0,1.0,0.9108368793840788,0.9108368793840788,0.0770219685640501,2,142
DL3,1.0,0.0008862461581250064,0.0,1.0,0.9197523051995128,0.9197523051995128,0.00018926804973966964,2,142
DA1,1.0,0.27230774102253363,0.0,1.0,0.927504766938539,0.927504766938539,0.10496780390275913,2,142
DL3,1.0,0.001217770346291889,0.0,1.0,0.9347530724743389,0.9347530724743389,0.00022680637965045606,2,142
DA1,1.0,0.3661256145979004,0.0,1.0,0.9409116396123072,0.9409116396123072,0.14317236985347837,2,142
DL3,1.0,0.00167095692627918,0.0,1.0,0.9468188046941501,0.9468188046941501,0.0002799206606143158,2,142
DA1,1.0,0.49408982503736676,0.0,1.0,0.9516428343996979,0.9516428343996979,0.1954161141134454,2,142
DL3,1.0,0.002290582563310478,0.0,1.0,0.9564762603771648,0.9564762603771648,0.00035504541050066673,2,142
DA1,1.0,0.6687482550786925,0.0,1.0,0.9601598860843696,0.9601598860843696,0.26686208325794264,2,142
DL3,1.0,0.0031378938374914465,0.0,1.0,0.9641407595820952,0.9641407595820952,0.00046061450198188556,2,142
DA1,1.0,0.9072633954249067,0.0,1.0,0.9668194202284608,0.9668194202284608,0.36455204498981303,2,142
DL3,1.0,0.004296603465620748,0.0,1.0,0.9701331816021491,0.9701331816021491,0.0006077995374512166,2,142
DA1,1.0,1.2330915008417678,0.0,1.0,0.9718867719410925,0.9718867719410925,0.4980716941172161,2,142
DL3,1.0,0.005881011791549413,0.0,1.0,0.9746922137351917,0.9746922137351917,0.0008115706054740056,2,142
DA1,1.0,1.6782562914441181,0.0,1.0,0.9755447360702285,0.9755447360702285,0.6804346745693809,2,142
DL3,1.0,0.008046954672065803,0.0,1.0,0.9779822155085336,0.9779822155085336,0.001092114423017897,2,142
DA1,1.0,2.2864127716744953,0.0,1.0,0.9778975811860058,0.9778975811860058,0.929242429453781,2,142
DL3,1.0,0.011006463495917546,0.0,1.0,0.9800968166039092,0.9800968166039092,0.001476664585370195,2,142
DA1,1.0,3.1169476953991238,0.0,1.0,0.9789701872481192,0.9789701872481192,1.2681775136164215,2,142
DL3,1.0,0.015047212006676221,0.0,1.0,0.9810581213113007,0.9810581213113007,0.0020018144705580914,2,142
DA1,1.0,4.250414717767254,0.0,1.0,0.9787018944624034,0.9787018944624034,1.7288719869293,2,142
DL3,1.0,0.02055796667681942,0.0,1.0,0.9808111470494862,0.9808111470494862,0.0027163618530222484,2,142
DA1,1.0,5.7956394717004835,0.0,1.0,0.9769343928728371,0.9769343928728371,2.353140662635111,2,142
DL3,1.0,0.028061241627465327,0.0,1.0,0.979212892343926,0.979212892343926,0.003684643702965829,2,142
DA1,1.0,7.898820667146882,0.0,1.0,0.9733927824423865,0.9733927824423865,3.195446297407772,2,142
DL3,1.0,0.03825396511820931,0.0,1.0,0.9760152502330297,0.9760152502330297,0.004990107448216332,2,142
DA1,1.0,10.754834516001864,0.0,1.0,0.9676588906937249,0.9676588906937249,4.325209878783316,2,142
DL3,1.0,0.05205578275910935,0.0,1.0,0.9708409458415934,0.9708409458415934,0.006738438417319718,2,142
DA1,1.0,14.620604032618832,0.0,1.0,0.9591362472248153,0.9591362472248153,5.828097296809224,2,142
DL3,1.0,0.07066193883924725,0.0,1.0,0.9631519605634945,0.9631519605634945,0.009058776782380566,2,142
DA1,1.0,19.829618323688262,0.0,1.0,0.9470071461834568,0.9470071461834568,7.804566656194145,2,142
DL3,1.0,0.09559234260177742,0.0,1.0,0.9522108392225095,0.9522108392225095,0.012100219942003991,2,142
DA1,1.0,26.805153489234037,0.0,1.0,0.9301846018110245,0.9301846018110245,10.362597594293366,2,142
DL3,1.0,0.12871880569164676,0.0,1.0,0.9370374228242304,0.9370374228242304,0.016018753380210773,2,142
DA1,1.0,36.066995145637414,0.0,1.0,0.90726668539617,0.90726668539617,13.599599527783782,2,142
DL3,1.0,0.17223671735387772,0.0,1.0,0.9163677801391991,0.9163677801391991,0.02094708840837636,2,142
DA1,1.0,48.2219909529405,0.0,1.0,0.8765090111723387,0.8765090111723387,17.56639809671805,2,142
DL3,1.0,0.22852493462919624,0.0,1.0,0.8886295851204757,0.8886295851204757,0.026937572492415206,2,142
DA1,1.0,0.04259706456800439,0.0,1.0,0.6860684812123831,0.6860684812123831,0.0121456806092653,3,242
DL3,1.0,0.00012083679930650008,0.0,1.0,0.7174615122543455,0.7174615122543455,9.160650532984643e-05,3,242
DA1,1.0,0.05345267982075609,0.0,1.0,0.7456619083490903,0.7456619083490903,0.01656484457539946,3,242
DL3,1.0,0.00017157335957712746,0.0,1.0,0.7710955459408217,0.7710955459408217,0.00010270344888685748,3,242
DA1,1.0,0.06825804878683683,0.0,1.0,0.7939177332979527,0.7939177332979527,0.02252196816271921,3,242
DL3,1.0,0.0002410998087298558,0.0,1.0,0.8145257188683487,0.8145257188683487,0.00011425247339525166,3,242
DA1,1.0,0.08838776210901404,0.0,1.0,0.8329847592194048,0.8329847592194048,0.030598986222040412,3,242
DL3,1.0,0.0003361875223568622,0.0,1.0,0.849685947109942,0.849685947109942,0.0001271241210820817,3,242
DA1,1.0,0.11573653014494471,0.0,1.0,0.8646016158688029,0.8646016158688029,0.04158771555914017,3,242
DL3,1.0,0.000466129873546179,0.0,1.0,0.8781409881520491,0.8781409881520491,0.00014256669850994563,3,242
DA1,1.0,0.1529067704078828,0.0,1.0,0.8901739825664363,0.8901739825664363,0.05656929387810933,3,242
DL3,1.0,0.0006436656453150039,0.0,1.0,0.9011559406441474,0.9011559406441474,0.00016240562522925947,3,242
DA1,1.0,0.20346719565394222,0.0,1.0,0.9108368793840788,0.9108368793840788,0.0770219685640501,3,242
DL3,1.0,0.0008862461581250064,0.0,1.0,0.9197523051995128,0.9197523051995128,0.00018926804973966964,3,242
DA1,1.0,0.27230774102253363,0.0,1.0,0.927504766938539,0.927504766938539,0.10496780390275913,3,242
DL3,1.0,0.001217770346291889,0.0,1.0,0.9347530724743389,0.9347530724743389,0.00022680637965045606,3,242
DA1,1.0,0.3661256145979004,0.0,1.0,0.9409116396123072,0.9409116396123072,0.14317236985347837,3,242
DL3,1.0,0.00167095692627918,0.0,1.0,0.9468188046941501,0.9468188046941501,0.0002799206606143158,3,242
DA1,1.0,0.49408982503736676,0.0,1.0,0.9516428343996979,0.9516428343996979,0.1954161141134454,3,242
DL3,1.0,0.002290582563310478,0.0,1.0,0.9564762603771648,0.9564762603771648,0.00035504541050066673,3,242
DA1,1.0,0.6687482550786925,0.0,1.0,0.9601598860843696,0.9601598860843696,0.26686208325794264,3,242
DL3,1.0,0.0031378938374914465,0.0,1.0,0.9641407595820952,0.9641407595820952,0.00046061450198188556,3,242
DA1,1.0,0.9072633954249067,0.0,1.0,0.9668194202284608,0.9668194202284608,0.36455204498981303,3,242
DL3,1.0,0.004296603465620748,0.0,1.0,0.9701331816021491,0.9701331816021491,0.0006077995374512166,3,242
DA1,1.0,1.2330915008417678,0.0,1.0,0.9718867719410925,0.9718867719410925,0.4980716941172161,3,242
DL3,1.0,0.005881011791549413,0.0,1.0,0.9746922137351917,0.9746922137351917,0.0008115706054740056,3,242
DA1,1.0,1.6782562914441181,0.0,1.0,0.9755447360702285,0.9755447360702285,0.6804346745693809,3,242
DL3,1.0,0.008046954672065803,0.0,1.0,0.9779822155085336,0.9779822155085336,0.001092114423017897,3,242
DA1,1.0,2.2864127716744953,0.0,1.0,0.9778975811860058,0.9778975811860058,0.929242429453781,3,242
DL3,1.0,0.011006463495917546,0.0,1.0,0.9800968166039092,0.9800968166039092,0.001476664585370195,3,242
DA1,1.0,3.1169476953991238,0.0,1.0,0.9789701872481192,0.9789701872481192,1.2681775136164215,3,242
DL3,1.0,0.015047212006676221,0.0,1.0,0.9810581213113007,0.9810581213113007,0.0020018144705580914,3,242
DA1,1.0,4.250414717767254,0.0,1.0,0.9787018944624034,0.9787018944624034,1.7288719869293,3,242
DL3,1.0,0.02055796667681942,0.0,1.0,0.9808111470494862,0.9808111470494862,0.0027163618530222484,3,242
DA1,1.0,5.7956394717004835,0.0,1.0,0.9769343928728371,0.9769343928728371,2.353140662635111,3,242
DL3,1.0,0.028061241627465327,0.0,1.0,0.979212892343926,0.979212892343926,0.003684643702965829,3,242
DA1,1.0,7.898820667146882,0.0,1.0,0.9733927824423865,0.9733927824423865,3.195446297407772,3,242
DL3,1.0,0.03825396511820931,0.0,1.0,0.9760152502330297,0.9760152502330297,0.004990107448216332,3,242
DA1,1.0,10.754834516001864,0.0,1.0,0.9676588906937249,0.9676588906937249,4.325209878783316,3,242
DL3,1.0,0.05205578275910935,0.0,1.0,0.9708409458415934,0.9708409458415934,0.006738438417319718,3,242
DA1,1.0,14.620604032618832,0.0,1.0,0.9591362472248153,0.9591362472248153,5.828097296809224,3,242
DL3,1.0,0.07066193883924725,0.0,1.0,0.9631519605634945,0.9631519605634945,0.009058776782380566,3,242
DA1,1.0,19.829618323688262,0.0,1.0,0.9470071461834568,0.9470071461834568,7.804566656194145,3,242
DL3,1.0,0.09559234260177742,0.0,1.0,0.9522108392225095,0.9522108392225095,0.012100219942003991,3,242
DA1,1.0,26.805153489234037,0.0,1.0,0.9301846018110245,0.9301846018110245,10.362597594293366,3,242
DL3,1.0,0.12871880569164676,0.0,1.0,0.9370374228242304,0.9370374228242304,0.016018753380210773,3,242
DA1,1.0,36.066995145637414,0.0,1.0,0.90726668539617,0.90726668539617,13.599599527783782,3,242
DL3,1.0,0.17223671735387772,0.0,1.0,0.9163677801391991,0.9163677801391991,0.02094708840837636,3,242
DA1,1.0,48.2219909529405,0.0,1.0,0.8765090111723387,0.8765090111723387,17.56639809671805,3,242
DL3,1.0,0.22852493462919624,0.0,1.0,0.8886295851204757,0.8886295851204757,0.026937572492415206,3,242
